{"spot_diameter_fullres": 147.71349755181856, "tissue_hires_scalef": 0.09766579, "fiducial_diameter_fullres": 238.61411142986077, "tissue_lowres_scalef": 0.029299736}