{"spot_diameter_fullres": 142.14026000000004, "tissue_hires_scalef": 0.10146104, "fiducial_diameter_fullres": 229.61117999999993, "tissue_lowres_scalef": 0.030438311}