{"spot_diameter_fullres": 150.34004066702315, "tissue_hires_scalef": 0.10081153, "fiducial_diameter_fullres": 242.85698876980658, "tissue_lowres_scalef": 0.03024346}