{"spot_diameter_fullres": 150.21964981443412, "tissue_hires_scalef": 0.09982032, "fiducial_diameter_fullres": 242.66251123870128, "tissue_lowres_scalef": 0.029946096}