{"spot_diameter_fullres": 142.10562000000004, "tissue_hires_scalef": 0.09469697, "fiducial_diameter_fullres": 229.55524999999997, "tissue_lowres_scalef": 0.028409092}