{"spot_diameter_fullres": 142.09693999999996, "tissue_hires_scalef": 0.09469697, "fiducial_diameter_fullres": 229.54121, "tissue_lowres_scalef": 0.028409092}