{"spot_diameter_fullres": 150.24421987817968, "tissue_hires_scalef": 0.10153831, "fiducial_diameter_fullres": 242.70220134167488, "tissue_lowres_scalef": 0.030461492}