{"spot_diameter_fullres": 142.03794999999997, "tissue_hires_scalef": 0.104166664, "fiducial_diameter_fullres": 229.44592000000003, "tissue_lowres_scalef": 0.03125}